{
  "disposition": "descriptive paired measurements only; no generic performance authorization",
  "order_strata": {
    "control-first": {
      "median": 0.022424210755449314,
      "n": 10
    },
    "pr-first": {
      "median": 0.0024516659604818525,
      "n": 10
    }
  },
  "pair_count": 20,
  "paired_delta_summary": {
    "max": 0.03395740196493868,
    "median": 0.006685935844369717,
    "min": -0.044319387495652895,
    "p95": 0.03170579895453596
  },
  "paired_relative_deltas": [
    0.03170579895453596,
    -0.0068520675227615735,
    0.03395740196493868,
    0.008923190060625474,
    0.024248993105640437,
    -0.044319387495652895,
    -0.007464182547053944,
    0.00045465029284974534,
    0.028495852214130313,
    -0.008449879409154204,
    0.0024592745414804273,
    0.018003073944908854,
    0.022260407655110503,
    -0.03346442640692493,
    0.001645250783658625,
    0.023277014356286374,
    0.0013305261340248453,
    0.011972383939892639,
    0.022588013855788125,
    0.00444868162811396
  ],
  "practical_interpretation": "below-predeclared-5-percent-threshold",
  "practical_threshold_relative": 0.05,
  "schema_version": 2
}
