{
  "campaign_started": true,
  "gates": {
    "conformance_all_passed": true,
    "control_natural_hang_reproduced": true,
    "experiment_all_passed": true,
    "no_process_residuals": true,
    "pr148_validation_passed": true,
    "regressions_all_passed": true
  },
  "generated_utc": "2026-07-23T03:11:32.073716Z",
  "groups": {
    "conformance/cargo-sort": {
      "fail": 0,
      "pass": 1,
      "pass_process_elapsed_seconds": {
        "max": 0.14055301481857896,
        "median": 0.14055301481857896,
        "min": 0.14055301481857896,
        "p95": 0.14055301481857896
      },
      "runs": 1,
      "timeout": 0
    },
    "conformance/check": {
      "fail": 0,
      "pass": 1,
      "pass_process_elapsed_seconds": {
        "max": 10.313707555178553,
        "median": 10.313707555178553,
        "min": 10.313707555178553,
        "p95": 10.313707555178553
      },
      "runs": 1,
      "timeout": 0
    },
    "conformance/clippy": {
      "fail": 0,
      "pass": 1,
      "pass_process_elapsed_seconds": {
        "max": 3.404845701996237,
        "median": 3.404845701996237,
        "min": 3.404845701996237,
        "p95": 3.404845701996237
      },
      "runs": 1,
      "timeout": 0
    },
    "conformance/fmt": {
      "fail": 0,
      "pass": 1,
      "pass_process_elapsed_seconds": {
        "max": 0.3419358027167618,
        "median": 0.3419358027167618,
        "min": 0.3419358027167618,
        "p95": 0.3419358027167618
      },
      "runs": 1,
      "timeout": 0
    },
    "conformance/no-default-features-resize-test": {
      "fail": 0,
      "pass": 1,
      "pass_process_elapsed_seconds": {
        "max": 67.33610392315313,
        "median": 67.33610392315313,
        "min": 67.33610392315313,
        "p95": 67.33610392315313
      },
      "runs": 1,
      "timeout": 0
    },
    "conformance/no-default-features-test": {
      "fail": 0,
      "pass": 1,
      "pass_process_elapsed_seconds": {
        "max": 67.80404138565063,
        "median": 67.80404138565063,
        "min": 67.80404138565063,
        "p95": 67.80404138565063
      },
      "runs": 1,
      "timeout": 0
    },
    "conformance/no-std-check": {
      "fail": 0,
      "pass": 1,
      "pass_process_elapsed_seconds": {
        "max": 11.76667892606929,
        "median": 11.76667892606929,
        "min": 11.76667892606929,
        "p95": 11.76667892606929
      },
      "runs": 1,
      "timeout": 0
    },
    "conformance/random-stress": {
      "fail": 0,
      "pass": 1,
      "pass_process_elapsed_seconds": {
        "max": 44.774065520148724,
        "median": 44.774065520148724,
        "min": 44.774065520148724,
        "p95": 44.774065520148724
      },
      "runs": 1,
      "timeout": 0
    },
    "conformance/test": {
      "fail": 0,
      "pass": 1,
      "pass_process_elapsed_seconds": {
        "max": 10.525802350137383,
        "median": 10.525802350137383,
        "min": 10.525802350137383,
        "p95": 10.525802350137383
      },
      "runs": 1,
      "timeout": 0
    },
    "conformance/test-bucket-resize": {
      "fail": 0,
      "pass": 1,
      "pass_process_elapsed_seconds": {
        "max": 10.13396880403161,
        "median": 10.13396880403161,
        "min": 10.13396880403161,
        "p95": 10.13396880403161
      },
      "runs": 1,
      "timeout": 0
    },
    "control/ordinary": {
      "fail": 0,
      "pass": 2,
      "pass_process_elapsed_seconds": {
        "max": 11.133237642701715,
        "median": 10.970471661305055,
        "min": 10.807705679908395,
        "p95": 11.133237642701715
      },
      "runs": 5,
      "timeout": 3
    },
    "control/resize": {
      "fail": 0,
      "pass": 2,
      "pass_process_elapsed_seconds": {
        "max": 10.856738076079637,
        "median": 10.760282253148034,
        "min": 10.663826430216432,
        "p95": 10.856738076079637
      },
      "runs": 5,
      "timeout": 3
    },
    "experiment/ordinary": {
      "fail": 0,
      "pass": 15,
      "pass_process_elapsed_seconds": {
        "max": 11.599145628977567,
        "median": 10.342161385342479,
        "min": 10.115572076290846,
        "p95": 11.599145628977567
      },
      "runs": 15,
      "timeout": 0
    },
    "experiment/resize": {
      "fail": 0,
      "pass": 15,
      "pass_process_elapsed_seconds": {
        "max": 10.35309509607032,
        "median": 10.234588199760765,
        "min": 10.06099144462496,
        "p95": 10.35309509607032
      },
      "runs": 15,
      "timeout": 0
    },
    "init-cost/control": {
      "fail": 0,
      "pass": 20,
      "pass_process_elapsed_seconds": {
        "max": 0.443828531075269,
        "median": 0.4009907303843647,
        "min": 0.38619234785437584,
        "p95": 0.41442292323336005
      },
      "runs": 20,
      "timeout": 0
    },
    "init-cost/pr": {
      "fail": 0,
      "pass": 20,
      "pass_process_elapsed_seconds": {
        "max": 0.44078738801181316,
        "median": 0.40257355594076216,
        "min": 0.39605595311149955,
        "p95": 0.4161227364093065
      },
      "runs": 20,
      "timeout": 0
    },
    "init-discovery/control": {
      "fail": 0,
      "pass": 1,
      "pass_process_elapsed_seconds": {
        "max": 0.08859846787527204,
        "median": 0.08859846787527204,
        "min": 0.08859846787527204,
        "p95": 0.08859846787527204
      },
      "runs": 1,
      "timeout": 0
    },
    "init-discovery/pr": {
      "fail": 0,
      "pass": 1,
      "pass_process_elapsed_seconds": {
        "max": 0.0793602499179542,
        "median": 0.0793602499179542,
        "min": 0.0793602499179542,
        "p95": 0.0793602499179542
      },
      "runs": 1,
      "timeout": 0
    },
    "metadata/cargo": {
      "fail": 0,
      "pass": 1,
      "pass_process_elapsed_seconds": {
        "max": 0.08614326175302267,
        "median": 0.08614326175302267,
        "min": 0.08614326175302267,
        "p95": 0.08614326175302267
      },
      "runs": 1,
      "timeout": 0
    },
    "metadata/checkout-control-branch": {
      "fail": 9,
      "pass": 0,
      "pass_process_elapsed_seconds": null,
      "runs": 9,
      "timeout": 0
    },
    "metadata/checkout-control-head": {
      "fail": 0,
      "pass": 9,
      "pass_process_elapsed_seconds": {
        "max": 0.09115020185709,
        "median": 0.08379388507455587,
        "min": 0.07438156707212329,
        "p95": 0.09115020185709
      },
      "runs": 9,
      "timeout": 0
    },
    "metadata/checkout-control-origin": {
      "fail": 0,
      "pass": 9,
      "pass_process_elapsed_seconds": {
        "max": 0.0935987289994955,
        "median": 0.07776441983878613,
        "min": 0.07162786880508065,
        "p95": 0.0935987289994955
      },
      "runs": 9,
      "timeout": 0
    },
    "metadata/checkout-control-status": {
      "fail": 0,
      "pass": 9,
      "pass_process_elapsed_seconds": {
        "max": 0.09170482959598303,
        "median": 0.07968496298417449,
        "min": 0.07641177298501134,
        "p95": 0.09170482959598303
      },
      "runs": 9,
      "timeout": 0
    },
    "metadata/checkout-control-tree": {
      "fail": 0,
      "pass": 9,
      "pass_process_elapsed_seconds": {
        "max": 0.09051129408180714,
        "median": 0.08127478789538145,
        "min": 0.07488940609619021,
        "p95": 0.09051129408180714
      },
      "runs": 9,
      "timeout": 0
    },
    "metadata/checkout-pr-branch": {
      "fail": 9,
      "pass": 0,
      "pass_process_elapsed_seconds": null,
      "runs": 9,
      "timeout": 0
    },
    "metadata/checkout-pr-head": {
      "fail": 0,
      "pass": 9,
      "pass_process_elapsed_seconds": {
        "max": 0.08654806297272444,
        "median": 0.07601727219298482,
        "min": 0.06925045000389218,
        "p95": 0.08654806297272444
      },
      "runs": 9,
      "timeout": 0
    },
    "metadata/checkout-pr-origin": {
      "fail": 0,
      "pass": 9,