variant,overshoot_p50_gas_wt,overshoot_p99_gas_wt,overshoot_max_gas_wt,residual_tax_ops,ckpt_gas_mass_frac,recoverable_ceil_lo,recoverable_ceil_hi,n_segments
V1,45512.0,50002.0,50002.0,0.03024501517342512,0.9895182634289638,0.048487749241328745,0.08727794863439173,1303
V2,184.0,50002.0,50002.0,0.04042852196582415,0.9898862321628076,0.047978573901708794,0.08636143302307582,1802
V3,184.0,50002.0,50002.0,0.052648730116702985,0.9899303884108689,0.04736756349416485,0.08526161428949673,1902
